,ct,feature,treatment,FileID,FileName,RecordName,targetID
0,8988T,DNase,None,3,DNase,8988T|DNase|None,0
1,AoSMC,DNase,None,3,DNase,AoSMC|DNase|None,1
2,Chorion,DNase,None,3,DNase,Chorion|DNase|None,2
3,CLL,DNase,None,3,DNase,CLL|DNase|None,3
4,Fibrobl,DNase,None,3,DNase,Fibrobl|DNase|None,4
5,FibroP,DNase,None,3,DNase,FibroP|DNase|None,5
6,Gliobla,DNase,None,3,DNase,Gliobla|DNase|None,6
7,GM12891,DNase,None,3,DNase,GM12891|DNase|None,7
8,GM12892,DNase,None,3,DNase,GM12892|DNase|None,8
9,GM18507,DNase,None,3,DNase,GM18507|DNase|None,9
10,GM19238,DNase,None,3,DNase,GM19238|DNase|None,10
11,GM19239,DNase,None,3,DNase,GM19239|DNase|None,11
12,GM19240,DNase,None,3,DNase,GM19240|DNase|None,12
13,H9ES,DNase,None,3,DNase,H9ES|DNase|None,13
14,HeLa-S3,DNase,IFNa4h,3,DNase,HeLa-S3|DNase|IFNa4h,14
15,Hepatocytes,DNase,None,3,DNase,Hepatocytes|DNase|None,15
16,HPDE6-E6E7,DNase,None,3,DNase,HPDE6-E6E7|DNase|None,16
17,HSMM_emb,DNase,None,3,DNase,HSMM_emb|DNase|None,17
18,HTR8svn,DNase,None,3,DNase,HTR8svn|DNase|None,18
19,Huh-7.5,DNase,None,3,DNase,Huh-7.5|DNase|None,19
20,Huh-7,DNase,None,3,DNase,Huh-7|DNase|None,20
21,iPS,DNase,None,3,DNase,iPS|DNase|None,21
22,Ishikawa,DNase,Estradiol_100nM_1hr,3,DNase,Ishikawa|DNase|Estradiol_100nM_1hr,22
23,Ishikawa,DNase,4OHTAM_20nM_72hr,3,DNase,Ishikawa|DNase|4OHTAM_20nM_72hr,23
24,LNCaP,DNase,androgen,3,DNase,LNCaP|DNase|androgen,24
25,MCF-7,DNase,Hypoxia_LacAcid,3,DNase,MCF-7|DNase|Hypoxia_LacAcid,25
26,Medullo,DNase,None,3,DNase,Medullo|DNase|None,26
27,Melano,DNase,None,3,DNase,Melano|DNase|None,27
28,Myometr,DNase,None,3,DNase,Myometr|DNase|None,28
29,Osteobl,DNase,None,3,DNase,Osteobl|DNase|None,29
30,PanIsletD,DNase,None,3,DNase,PanIsletD|DNase|None,30
31,PanIslets,DNase,None,3,DNase,PanIslets|DNase|None,31
32,pHTE,DNase,None,3,DNase,pHTE|DNase|None,32
33,ProgFib,DNase,None,3,DNase,ProgFib|DNase|None,33
34,RWPE1,DNase,None,3,DNase,RWPE1|DNase|None,34
35,Stellate,DNase,None,3,DNase,Stellate|DNase|None,35
36,T-47D,DNase,None,3,DNase,T-47D|DNase|None,36
37,Adult_CD4_Th0,DNase,None,3,DNase,Adult_CD4_Th0|DNase|None,37
38,Urothelia,DNase,None,3,DNase,Urothelia|DNase|None,38
39,Urothelia,DNase,UT189,3,DNase,Urothelia|DNase|UT189,39
40,AG04449,DNase,None,3,DNase,AG04449|DNase|None,40
41,AG04450,DNase,None,3,DNase,AG04450|DNase|None,41
42,AG09309,DNase,None,3,DNase,AG09309|DNase|None,42
43,AG09319,DNase,None,3,DNase,AG09319|DNase|None,43
44,AG10803,DNase,None,3,DNase,AG10803|DNase|None,44
45,AoAF,DNase,None,3,DNase,AoAF|DNase|None,45
46,BE2_C,DNase,None,3,DNase,BE2_C|DNase|None,46
47,BJ,DNase,None,3,DNase,BJ|DNase|None,47
48,Caco-2,DNase,None,3,DNase,Caco-2|DNase|None,48
49,CD20+,DNase,None,3,DNase,CD20+|DNase|None,49
50,CD34+_Mobilized,DNase,None,3,DNase,CD34+_Mobilized|DNase|None,50
51,CMK,DNase,None,3,DNase,CMK|DNase|None,51
52,A549,DNase,None,3,DNase,A549|DNase|None,52
53,GM12878,DNase,None,3,DNase,GM12878|DNase|None,53
54,H1-hESC,DNase,None,3,DNase,H1-hESC|DNase|None,54
55,HeLa-S3,DNase,None,3,DNase,HeLa-S3|DNase|None,55
56,HepG2,DNase,None,3,DNase,HepG2|DNase|None,56
57,HMEC,DNase,None,3,DNase,HMEC|DNase|None,57
58,HSMMtube,DNase,None,3,DNase,HSMMtube|DNase|None,58
59,HSMM,DNase,None,3,DNase,HSMM|DNase|None,59
60,HUVEC,DNase,None,3,DNase,HUVEC|DNase|None,60
61,K562,DNase,None,3,DNase,K562|DNase|None,61
62,LNCaP,DNase,None,3,DNase,LNCaP|DNase|None,62
63,MCF-7,DNase,None,3,DNase,MCF-7|DNase|None,63
64,NHEK,DNase,None,3,DNase,NHEK|DNase|None,64
65,Th1,DNase,None,3,DNase,Th1|DNase|None,65
66,GM06990,DNase,None,3,DNase,GM06990|DNase|None,66
67,GM12864,DNase,None,3,DNase,GM12864|DNase|None,67
68,GM12865,DNase,None,3,DNase,GM12865|DNase|None,68
69,H7-hESC,DNase,None,3,DNase,H7-hESC|DNase|None,69
70,HAc,DNase,None,3,DNase,HAc|DNase|None,70
71,HAEpiC,DNase,None,3,DNase,HAEpiC|DNase|None,71
72,HA-h,DNase,None,3,DNase,HA-h|DNase|None,72
73,HA-sp,DNase,None,3,DNase,HA-sp|DNase|None,73
74,HBMEC,DNase,None,3,DNase,HBMEC|DNase|None,74
75,HCFaa,DNase,None,3,DNase,HCFaa|DNase|None,75
76,HCF,DNase,None,3,DNase,HCF|DNase|None,76
77,HCM,DNase,None,3,DNase,HCM|DNase|None,77
78,HConF,DNase,None,3,DNase,HConF|DNase|None,78
79,HCPEpiC,DNase,None,3,DNase,HCPEpiC|DNase|None,79
80,HCT-116,DNase,None,3,DNase,HCT-116|DNase|None,80
81,HEEpiC,DNase,None,3,DNase,HEEpiC|DNase|None,81
82,HFF-Myc,DNase,None,3,DNase,HFF-Myc|DNase|None,82
83,HFF,DNase,None,3,DNase,HFF|DNase|None,83
84,HGF,DNase,None,3,DNase,HGF|DNase|None,84
85,HIPEpiC,DNase,None,3,DNase,HIPEpiC|DNase|None,85
86,HL-60,DNase,None,3,DNase,HL-60|DNase|None,86
87,HMF,DNase,None,3,DNase,HMF|DNase|None,87
88,HMVEC-dAd,DNase,None,3,DNase,HMVEC-dAd|DNase|None,88
89,HMVEC-dBl-Ad,DNase,None,3,DNase,HMVEC-dBl-Ad|DNase|None,89
90,HMVEC-dBl-Neo,DNase,None,3,DNase,HMVEC-dBl-Neo|DNase|None,90
91,HMVEC-dLy-Ad,DNase,None,3,DNase,HMVEC-dLy-Ad|DNase|None,91
92,HMVEC-dLy-Neo,DNase,None,3,DNase,HMVEC-dLy-Neo|DNase|None,92
93,HMVEC-dNeo,DNase,None,3,DNase,HMVEC-dNeo|DNase|None,93
94,HMVEC-LBl,DNase,None,3,DNase,HMVEC-LBl|DNase|None,94
95,HMVEC-LLy,DNase,None,3,DNase,HMVEC-LLy|DNase|None,95
96,HNPCEpiC,DNase,None,3,DNase,HNPCEpiC|DNase|None,96
97,HPAEC,DNase,None,3,DNase,HPAEC|DNase|None,97
98,HPAF,DNase,None,3,DNase,HPAF|DNase|None,98
99,HPdLF,DNase,None,3,DNase,HPdLF|DNase|None,99
100,HPF,DNase,None,3,DNase,HPF|DNase|None,100
101,HRCEpiC,DNase,None,3,DNase,HRCEpiC|DNase|None,101
102,HRE,DNase,None,3,DNase,HRE|DNase|None,102
103,HRGEC,DNase,None,3,DNase,HRGEC|DNase|None,103
104,HRPEpiC,DNase,None,3,DNase,HRPEpiC|DNase|None,104
105,HVMF,DNase,None,3,DNase,HVMF|DNase|None,105
106,Jurkat,DNase,None,3,DNase,Jurkat|DNase|None,106
107,Monocytes-CD14+RO01746,DNase,None,3,DNase,Monocytes-CD14+RO01746|DNase|None,107
108,NB4,DNase,None,3,DNase,NB4|DNase|None,108
109,NH-A,DNase,None,3,DNase,NH-A|DNase|None,109
110,NHDF-Ad,DNase,None,3,DNase,NHDF-Ad|DNase|None,110
111,NHDF-neo,DNase,None,3,DNase,NHDF-neo|DNase|None,111
112,NHLF,DNase,None,3,DNase,NHLF|DNase|None,112
113,NT2-D1,DNase,None,3,DNase,NT2-D1|DNase|None,113
114,PANC-1,DNase,None,3,DNase,PANC-1|DNase|None,114
115,PrEC,DNase,None,3,DNase,PrEC|DNase|None,115
116,RPTEC,DNase,None,3,DNase,RPTEC|DNase|None,116
117,SAEC,DNase,None,3,DNase,SAEC|DNase|None,117
118,SKMC,DNase,None,3,DNase,SKMC|DNase|None,118
119,SK-N-MC,DNase,None,3,DNase,SK-N-MC|DNase|None,119
120,SK-N-SH_RA,DNase,None,3,DNase,SK-N-SH_RA|DNase|None,120
121,Th2,DNase,None,3,DNase,Th2|DNase|None,121
122,WERI-Rb-1,DNase,None,3,DNase,WERI-Rb-1|DNase|None,122
123,WI-38,DNase,4OHTAM_20nM_72hr,3,DNase,WI-38|DNase|4OHTAM_20nM_72hr,123
124,WI-38,DNase,None,3,DNase,WI-38|DNase|None,124
125,Dnd41,CTCF,None,2,CTCF,Dnd41|CTCF|None,125
126,Dnd41,EZH2,None,-1,Other,Dnd41|EZH2|None,126
127,GM12878,CTCF,None,2,CTCF,GM12878|CTCF|None,127
128,GM12878,EZH2,None,-1,Other,GM12878|EZH2|None,128
129,H1-hESC,CHD1,None,-1,Other,H1-hESC|CHD1|None,129
130,H1-hESC,CTCF,None,2,CTCF,H1-hESC|CTCF|None,130
131,H1-hESC,EZH2,None,-1,Other,H1-hESC|EZH2|None,131
132,H1-hESC,JARID1A,None,-1,Other,H1-hESC|JARID1A|None,132
133,H1-hESC,RBBP5,None,-1,Other,H1-hESC|RBBP5|None,133
134,HeLa-S3,CTCF,None,2,CTCF,HeLa-S3|CTCF|None,134
135,HeLa-S3,EZH2,None,-1,Other,HeLa-S3|EZH2|None,135
136,HeLa-S3,Pol2(b),None,-1,Other,HeLa-S3|Pol2(b)|None,136
137,HepG2,CTCF,None,2,CTCF,HepG2|CTCF|None,137
138,HepG2,EZH2,None,-1,Other,HepG2|EZH2|None,138
139,HMEC,CTCF,None,2,CTCF,HMEC|CTCF|None,139
140,HMEC,EZH2,None,-1,Other,HMEC|EZH2|None,140
141,HSMM,CTCF,None,2,CTCF,HSMM|CTCF|None,141
142,HSMM,EZH2,None,-1,Other,HSMM|EZH2|None,142
143,HSMMtube,CTCF,None,2,CTCF,HSMMtube|CTCF|None,143
144,HSMMtube,EZH2,None,-1,Other,HSMMtube|EZH2|None,144
145,HUVEC,CTCF,None,2,CTCF,HUVEC|CTCF|None,145
146,HUVEC,EZH2,None,-1,Other,HUVEC|EZH2|None,146
147,HUVEC,Pol2(b),None,-1,Other,HUVEC|Pol2(b)|None,147
148,K562,CHD1,None,-1,Other,K562|CHD1|None,148
149,K562,CTCF,None,2,CTCF,K562|CTCF|None,149
150,K562,EZH2,None,-1,Other,K562|EZH2|None,150
151,K562,HDAC1,None,-1,Other,K562|HDAC1|None,151
152,K562,HDAC2,None,-1,Other,K562|HDAC2|None,152
153,K562,HDAC6,None,-1,Other,K562|HDAC6|None,153
154,K562,p300,None,-1,Other,K562|p300|None,154
155,K562,PHF8,None,-1,Other,K562|PHF8|None,155
156,K562,PLU1,None,-1,Other,K562|PLU1|None,156
157,K562,Pol2(b),None,-1,Other,K562|Pol2(b)|None,157
158,K562,RBBP5,None,-1,Other,K562|RBBP5|None,158
159,K562,SAP30,None,-1,Other,K562|SAP30|None,159
160,NH-A,CTCF,None,2,CTCF,NH-A|CTCF|None,160
161,NH-A,EZH2,None,-1,Other,NH-A|EZH2|None,161
162,NHDF-Ad,CTCF,None,2,CTCF,NHDF-Ad|CTCF|None,162
163,NHDF-Ad,EZH2,None,-1,Other,NHDF-Ad|EZH2|None,163
164,NHEK,CTCF,None,2,CTCF,NHEK|CTCF|None,164
165,NHEK,EZH2,None,-1,Other,NHEK|EZH2|None,165
166,NHEK,Pol2(b),None,-1,Other,NHEK|Pol2(b)|None,166
167,NHLF,CTCF,None,2,CTCF,NHLF|CTCF|None,167
168,NHLF,EZH2,None,-1,Other,NHLF|EZH2|None,168
169,Osteobl,CTCF,None,2,CTCF,Osteobl|CTCF|None,169
170,A549,ATF3,EtOH_0.02pct,-1,Other,A549|ATF3|EtOH_0.02pct,170
171,A549,BCL3,EtOH_0.02pct,-1,Other,A549|BCL3|EtOH_0.02pct,171
172,A549,CREB1,DEX_100nM,-1,Other,A549|CREB1|DEX_100nM,172
173,A549,CTCF,DEX_100nM,2,CTCF,A549|CTCF|DEX_100nM,173
174,A549,CTCF,EtOH_0.02pct,2,CTCF,A549|CTCF|EtOH_0.02pct,174
175,A549,ELF1,EtOH_0.02pct,-1,Other,A549|ELF1|EtOH_0.02pct,175
176,A549,ETS1,EtOH_0.02pct,-1,Other,A549|ETS1|EtOH_0.02pct,176
177,A549,FOSL2,EtOH_0.02pct,-1,Other,A549|FOSL2|EtOH_0.02pct,177
178,A549,FOXA1,DEX_100nM,-1,Other,A549|FOXA1|DEX_100nM,178
179,A549,GABP,EtOH_0.02pct,-1,Other,A549|GABP|EtOH_0.02pct,179
180,A549,GR,DEX_500pM,-1,Other,A549|GR|DEX_500pM,180
181,A549,GR,DEX_50nM,-1,Other,A549|GR|DEX_50nM,181
182,A549,GR,DEX_5nM,-1,Other,A549|GR|DEX_5nM,182
183,A549,GR,DEX_100nM,-1,Other,A549|GR|DEX_100nM,183
184,A549,NRSF,EtOH_0.02pct,-1,Other,A549|NRSF|EtOH_0.02pct,184
185,A549,p300,EtOH_0.02pct,-1,Other,A549|p300|EtOH_0.02pct,185
186,A549,Pol2,DEX_100nM,1,Pol2,A549|Pol2|DEX_100nM,186
187,A549,Pol2,EtOH_0.02pct,1,Pol2,A549|Pol2|EtOH_0.02pct,187
188,A549,Sin3Ak-20,EtOH_0.02pct,-1,Other,A549|Sin3Ak-20|EtOH_0.02pct,188
189,A549,SIX5,EtOH_0.02pct,-1,Other,A549|SIX5|EtOH_0.02pct,189
190,A549,TAF1,EtOH_0.02pct,-1,Other,A549|TAF1|EtOH_0.02pct,190
191,A549,TCF12,EtOH_0.02pct,-1,Other,A549|TCF12|EtOH_0.02pct,191
192,A549,USF-1,DEX_100nM,-1,Other,A549|USF-1|DEX_100nM,192
193,A549,USF-1,EtOH_0.02pct,-1,Other,A549|USF-1|EtOH_0.02pct,193
194,A549,USF-1,EtOH_0.02pct,-1,Other,A549|USF-1|EtOH_0.02pct,194
195,A549,YY1,EtOH_0.02pct,-1,Other,A549|YY1|EtOH_0.02pct,195
196,A549,ZBTB33,EtOH_0.02pct,-1,Other,A549|ZBTB33|EtOH_0.02pct,196
197,ECC-1,CTCF,DMSO_0.02pct,2,CTCF,ECC-1|CTCF|DMSO_0.02pct,197
198,ECC-1,ERalpha,BPA_100nM,-1,Other,ECC-1|ERalpha|BPA_100nM,198
199,ECC-1,ERalpha,Estradiol_10nM,-1,Other,ECC-1|ERalpha|Estradiol_10nM,199
200,ECC-1,ERalpha,Genistein_100nM,-1,Other,ECC-1|ERalpha|Genistein_100nM,200
201,ECC-1,FOXA1,DMSO_0.02pct,-1,Other,ECC-1|FOXA1|DMSO_0.02pct,201
202,ECC-1,GR,DEX_100nM,-1,Other,ECC-1|GR|DEX_100nM,202
203,ECC-1,Pol2,DMSO_0.02pct,1,Pol2,ECC-1|Pol2|DMSO_0.02pct,203
204,GM12878,ATF2,None,-1,Other,GM12878|ATF2|None,204
205,GM12878,ATF3,None,-1,Other,GM12878|ATF3|None,205
206,GM12878,BATF,None,-1,Other,GM12878|BATF|None,206
207,GM12878,BCL11A,None,-1,Other,GM12878|BCL11A|None,207
208,GM12878,BCL3,None,-1,Other,GM12878|BCL3|None,208
209,GM12878,BCLAF1,None,-1,Other,GM12878|BCLAF1|None,209
210,GM12878,CEBPB,None,-1,Other,GM12878|CEBPB|None,210
211,GM12878,EBF1,None,-1,Other,GM12878|EBF1|None,211
212,GM12878,Egr-1,None,-1,Other,GM12878|Egr-1|None,212
213,GM12878,ELF1,None,-1,Other,GM12878|ELF1|None,213
214,GM12878,ETS1,None,-1,Other,GM12878|ETS1|None,214
215,GM12878,FOXM1,None,-1,Other,GM12878|FOXM1|None,215
216,GM12878,GABP,None,-1,Other,GM12878|GABP|None,216
217,GM12878,IRF4,None,-1,Other,GM12878|IRF4|None,217
218,GM12878,MEF2A,None,-1,Other,GM12878|MEF2A|None,218
219,GM12878,MEF2C,None,-1,Other,GM12878|MEF2C|None,219
220,GM12878,MTA3,None,-1,Other,GM12878|MTA3|None,220
221,GM12878,NFATC1,None,-1,Other,GM12878|NFATC1|None,221
222,GM12878,NFIC,None,-1,Other,GM12878|NFIC|None,222
223,GM12878,NRSF,None,-1,Other,GM12878|NRSF|None,223
224,GM12878,p300,None,-1,Other,GM12878|p300|None,224
225,GM12878,PAX5-C20,None,-1,Other,GM12878|PAX5-C20|None,225
226,GM12878,PAX5-N19,None,-1,Other,GM12878|PAX5-N19|None,226
227,GM12878,Pbx3,None,-1,Other,GM12878|Pbx3|None,227
228,GM12878,PML,None,-1,Other,GM12878|PML|None,228
229,GM12878,Pol2-4H8,None,-1,Other,GM12878|Pol2-4H8|None,229
230,GM12878,Pol2,None,1,Pol2,GM12878|Pol2|None,230
231,GM12878,POU2F2,None,-1,Other,GM12878|POU2F2|None,231
232,GM12878,PU.1,None,-1,Other,GM12878|PU.1|None,232
233,GM12878,Rad21,None,-1,Other,GM12878|Rad21|None,233
234,GM12878,RUNX3,None,-1,Other,GM12878|RUNX3|None,234
235,GM12878,RXRA,None,-1,Other,GM12878|RXRA|None,235
236,GM12878,SIX5,None,-1,Other,GM12878|SIX5|None,236
237,GM12878,SP1,None,-1,Other,GM12878|SP1|None,237
238,GM12878,SRF,None,-1,Other,GM12878|SRF|None,238
239,GM12878,STAT5A,None,-1,Other,GM12878|STAT5A|None,239
240,GM12878,TAF1,None,-1,Other,GM12878|TAF1|None,240
241,GM12878,TCF12,None,-1,Other,GM12878|TCF12|None,241
242,GM12878,TCF3,None,-1,Other,GM12878|TCF3|None,242
243,GM12878,USF-1,None,-1,Other,GM12878|USF-1|None,243
244,GM12878,YY1,None,-1,Other,GM12878|YY1|None,244
245,GM12878,ZBTB33,None,-1,Other,GM12878|ZBTB33|None,245
246,GM12878,ZEB1,None,-1,Other,GM12878|ZEB1|None,246
247,GM12891,PAX5-C20,None,-1,Other,GM12891|PAX5-C20|None,247
248,GM12891,Pol2-4H8,None,-1,Other,GM12891|Pol2-4H8|None,248
249,GM12891,Pol2,None,1,Pol2,GM12891|Pol2|None,249
250,GM12891,POU2F2,None,-1,Other,GM12891|POU2F2|None,250
251,GM12891,PU.1,None,-1,Other,GM12891|PU.1|None,251
252,GM12891,TAF1,None,-1,Other,GM12891|TAF1|None,252
253,GM12891,YY1,None,-1,Other,GM12891|YY1|None,253
254,GM12892,PAX5-C20,None,-1,Other,GM12892|PAX5-C20|None,254
255,GM12892,Pol2-4H8,None,-1,Other,GM12892|Pol2-4H8|None,255
256,GM12892,Pol2,None,1,Pol2,GM12892|Pol2|None,256
257,GM12892,TAF1,None,-1,Other,GM12892|TAF1|None,257
258,GM12892,YY1,None,-1,Other,GM12892|YY1|None,258
259,H1-hESC,ATF2,None,-1,Other,H1-hESC|ATF2|None,259
260,H1-hESC,ATF3,None,-1,Other,H1-hESC|ATF3|None,260
261,H1-hESC,BCL11A,None,-1,Other,H1-hESC|BCL11A|None,261
262,H1-hESC,CTCF,None,2,CTCF,H1-hESC|CTCF|None,262
263,H1-hESC,Egr-1,None,-1,Other,H1-hESC|Egr-1|None,263
264,H1-hESC,FOSL1,None,-1,Other,H1-hESC|FOSL1|None,264
265,H1-hESC,GABP,None,-1,Other,H1-hESC|GABP|None,265
266,H1-hESC,HDAC2,None,-1,Other,H1-hESC|HDAC2|None,266
267,H1-hESC,JunD,None,-1,Other,H1-hESC|JunD|None,267
268,H1-hESC,NANOG,None,-1,Other,H1-hESC|NANOG|None,268
269,H1-hESC,NRSF,None,-1,Other,H1-hESC|NRSF|None,269
270,H1-hESC,p300,None,-1,Other,H1-hESC|p300|None,270
271,H1-hESC,Pol2-4H8,None,-1,Other,H1-hESC|Pol2-4H8|None,271
272,H1-hESC,Pol2,None,1,Pol2,H1-hESC|Pol2|None,272
273,H1-hESC,POU5F1,None,-1,Other,H1-hESC|POU5F1|None,273
274,H1-hESC,Rad21,None,-1,Other,H1-hESC|Rad21|None,274
275,H1-hESC,RXRA,None,-1,Other,H1-hESC|RXRA|None,275
276,H1-hESC,Sin3Ak-20,None,-1,Other,H1-hESC|Sin3Ak-20|None,276
277,H1-hESC,SIX5,None,-1,Other,H1-hESC|SIX5|None,277
278,H1-hESC,SP1,None,-1,Other,H1-hESC|SP1|None,278
279,H1-hESC,SP2,None,-1,Other,H1-hESC|SP2|None,279
280,H1-hESC,SP4,None,-1,Other,H1-hESC|SP4|None,280
281,H1-hESC,SRF,None,-1,Other,H1-hESC|SRF|None,281
282,H1-hESC,TAF1,None,-1,Other,H1-hESC|TAF1|None,282
283,H1-hESC,TAF7,None,-1,Other,H1-hESC|TAF7|None,283
284,H1-hESC,TCF12,None,-1,Other,H1-hESC|TCF12|None,284
285,H1-hESC,TEAD4,None,-1,Other,H1-hESC|TEAD4|None,285
286,H1-hESC,USF-1,None,-1,Other,H1-hESC|USF-1|None,286
287,H1-hESC,YY1,None,-1,Other,H1-hESC|YY1|None,287
288,HCT-116,Pol2-4H8,None,-1,Other,HCT-116|Pol2-4H8|None,288
289,HCT-116,YY1,None,-1,Other,HCT-116|YY1|None,289
290,HCT-116,ZBTB33,None,-1,Other,HCT-116|ZBTB33|None,290
291,HeLa-S3,GABP,None,-1,Other,HeLa-S3|GABP|None,291
292,HeLa-S3,NRSF,None,-1,Other,HeLa-S3|NRSF|None,292
293,HeLa-S3,Pol2,None,1,Pol2,HeLa-S3|Pol2|None,293
294,HeLa-S3,TAF1,None,-1,Other,HeLa-S3|TAF1|None,294
295,HepG2,ATF3,None,-1,Other,HepG2|ATF3|None,295
296,HepG2,BHLHE40,None,-1,Other,HepG2|BHLHE40|None,296
297,HepG2,CEBPB,None,-1,Other,HepG2|CEBPB|None,297
298,HepG2,CEBPD,None,-1,Other,HepG2|CEBPD|None,298
299,HepG2,CTCF,None,2,CTCF,HepG2|CTCF|None,299
300,HepG2,ELF1,None,-1,Other,HepG2|ELF1|None,300
301,HepG2,FOSL2,None,-1,Other,HepG2|FOSL2|None,301
302,HepG2,FOXA1,None,-1,Other,HepG2|FOXA1|None,302
303,HepG2,FOXA1,None,-1,Other,HepG2|FOXA1|None,303
304,HepG2,FOXA2,None,-1,Other,HepG2|FOXA2|None,304
305,HepG2,GABP,None,-1,Other,HepG2|GABP|None,305
306,HepG2,HDAC2,None,-1,Other,HepG2|HDAC2|None,306
307,HepG2,HNF4A,None,-1,Other,HepG2|HNF4A|None,307
308,HepG2,HNF4G,None,-1,Other,HepG2|HNF4G|None,308
309,HepG2,JunD,None,-1,Other,HepG2|JunD|None,309
310,HepG2,MBD4,None,-1,Other,HepG2|MBD4|None,310
311,HepG2,MYBL2,None,-1,Other,HepG2|MYBL2|None,311
312,HepG2,NFIC,None,-1,Other,HepG2|NFIC|None,312
313,HepG2,NRSF,None,-1,Other,HepG2|NRSF|None,313
314,HepG2,NRSF,None,-1,Other,HepG2|NRSF|None,314
315,HepG2,p300,None,-1,Other,HepG2|p300|None,315
316,HepG2,Pol2-4H8,None,-1,Other,HepG2|Pol2-4H8|None,316
317,HepG2,Pol2,None,1,Pol2,HepG2|Pol2|None,317
318,HepG2,Rad21,None,-1,Other,HepG2|Rad21|None,318
319,HepG2,RXRA,None,-1,Other,HepG2|RXRA|None,319
320,HepG2,Sin3Ak-20,None,-1,Other,HepG2|Sin3Ak-20|None,320
321,HepG2,SP1,None,-1,Other,HepG2|SP1|None,321
322,HepG2,SP2,None,-1,Other,HepG2|SP2|None,322
323,HepG2,SRF,None,-1,Other,HepG2|SRF|None,323
324,HepG2,TAF1,None,-1,Other,HepG2|TAF1|None,324
325,HepG2,TCF12,None,-1,Other,HepG2|TCF12|None,325
326,HepG2,TEAD4,None,-1,Other,HepG2|TEAD4|None,326
327,HepG2,USF-1,None,-1,Other,HepG2|USF-1|None,327
328,HepG2,YY1,None,-1,Other,HepG2|YY1|None,328
329,HepG2,ZBTB33,None,-1,Other,HepG2|ZBTB33|None,329
330,HepG2,ZBTB7A,None,-1,Other,HepG2|ZBTB7A|None,330
331,HUVEC,Pol2-4H8,None,-1,Other,HUVEC|Pol2-4H8|None,331
332,HUVEC,Pol2,None,1,Pol2,HUVEC|Pol2|None,332
333,K562,ATF3,None,-1,Other,K562|ATF3|None,333
334,K562,BCL3,None,-1,Other,K562|BCL3|None,334
335,K562,BCLAF1,None,-1,Other,K562|BCLAF1|None,335
336,K562,CBX3,None,-1,Other,K562|CBX3|None,336
337,K562,CEBPB,None,-1,Other,K562|CEBPB|None,337
338,K562,CTCF,None,2,CTCF,K562|CTCF|None,338
339,K562,CTCFL,None,-1,Other,K562|CTCFL|None,339
340,K562,E2F6,None,-1,Other,K562|E2F6|None,340
341,K562,Egr-1,None,-1,Other,K562|Egr-1|None,341
342,K562,ELF1,None,-1,Other,K562|ELF1|None,342
343,K562,ETS1,None,-1,Other,K562|ETS1|None,343
344,K562,FOSL1,None,-1,Other,K562|FOSL1|None,344
345,K562,GABP,None,-1,Other,K562|GABP|None,345
346,K562,GATA2,None,-1,Other,K562|GATA2|None,346
347,K562,HDAC2,None,-1,Other,K562|HDAC2|None,347
348,K562,Max,None,-1,Other,K562|Max|None,348
349,K562,MEF2A,None,-1,Other,K562|MEF2A|None,349
350,K562,NR2F2,None,-1,Other,K562|NR2F2|None,350
351,K562,NRSF,None,-1,Other,K562|NRSF|None,351
352,K562,PML,None,-1,Other,K562|PML|None,352
353,K562,Pol2-4H8,None,-1,Other,K562|Pol2-4H8|None,353
354,K562,Pol2,None,1,Pol2,K562|Pol2|None,354
355,K562,PU.1,None,-1,Other,K562|PU.1|None,355
356,K562,Rad21,None,-1,Other,K562|Rad21|None,356
357,K562,Sin3Ak-20,None,-1,Other,K562|Sin3Ak-20|None,357
358,K562,SIX5,None,-1,Other,K562|SIX5|None,358
359,K562,SP1,None,-1,Other,K562|SP1|None,359
360,K562,SP2,None,-1,Other,K562|SP2|None,360
361,K562,SRF,None,-1,Other,K562|SRF|None,361
362,K562,STAT5A,None,-1,Other,K562|STAT5A|None,362
363,K562,TAF1,None,-1,Other,K562|TAF1|None,363
364,K562,TAF7,None,-1,Other,K562|TAF7|None,364
365,K562,TEAD4,None,-1,Other,K562|TEAD4|None,365
366,K562,THAP1,None,-1,Other,K562|THAP1|None,366
367,K562,TRIM28,None,-1,Other,K562|TRIM28|None,367
368,K562,USF-1,None,-1,Other,K562|USF-1|None,368
369,K562,YY1,None,-1,Other,K562|YY1|None,369
370,K562,YY1,None,-1,Other,K562|YY1|None,370
371,K562,ZBTB33,None,-1,Other,K562|ZBTB33|None,371
372,K562,ZBTB7A,None,-1,Other,K562|ZBTB7A|None,372
373,PANC-1,NRSF,None,-1,Other,PANC-1|NRSF|None,373
374,PANC-1,Pol2-4H8,None,-1,Other,PANC-1|Pol2-4H8|None,374
375,PANC-1,Sin3Ak-20,None,-1,Other,PANC-1|Sin3Ak-20|None,375
376,PFSK-1,FOXP2,None,-1,Other,PFSK-1|FOXP2|None,376
377,PFSK-1,NRSF,None,-1,Other,PFSK-1|NRSF|None,377
378,PFSK-1,Sin3Ak-20,None,-1,Other,PFSK-1|Sin3Ak-20|None,378
379,PFSK-1,TAF1,None,-1,Other,PFSK-1|TAF1|None,379
380,SK-N-MC,FOXP2,None,-1,Other,SK-N-MC|FOXP2|None,380
381,SK-N-MC,Pol2-4H8,None,-1,Other,SK-N-MC|Pol2-4H8|None,381
382,SK-N-SH,NRSF,None,-1,Other,SK-N-SH|NRSF|None,382
383,SK-N-SH,NRSF,None,-1,Other,SK-N-SH|NRSF|None,383
384,SK-N-SH,Pol2-4H8,None,-1,Other,SK-N-SH|Pol2-4H8|None,384
385,SK-N-SH_RA,CTCF,None,2,CTCF,SK-N-SH_RA|CTCF|None,385
386,SK-N-SH_RA,p300,None,-1,Other,SK-N-SH_RA|p300|None,386
387,SK-N-SH_RA,Rad21,None,-1,Other,SK-N-SH_RA|Rad21|None,387
388,SK-N-SH_RA,USF1,None,-1,Other,SK-N-SH_RA|USF1|None,388
389,SK-N-SH_RA,YY1,None,-1,Other,SK-N-SH_RA|YY1|None,389
390,SK-N-SH,Sin3Ak-20,None,-1,Other,SK-N-SH|Sin3Ak-20|None,390
391,SK-N-SH,TAF1,None,-1,Other,SK-N-SH|TAF1|None,391
392,T-47D,CTCF,DMSO_0.02pct,2,CTCF,T-47D|CTCF|DMSO_0.02pct,392
393,T-47D,ERalpha,BPA_100nM,-1,Other,T-47D|ERalpha|BPA_100nM,393
394,T-47D,ERalpha,Genistein_100nM,-1,Other,T-47D|ERalpha|Genistein_100nM,394
395,T-47D,ERalpha,Estradiol_10nM,-1,Other,T-47D|ERalpha|Estradiol_10nM,395
396,T-47D,FOXA1,DMSO_0.02pct,-1,Other,T-47D|FOXA1|DMSO_0.02pct,396
397,T-47D,GATA3,DMSO_0.02pct,-1,Other,T-47D|GATA3|DMSO_0.02pct,397
398,T-47D,p300,DMSO_0.02pct,-1,Other,T-47D|p300|DMSO_0.02pct,398
399,U87,NRSF,None,-1,Other,U87|NRSF|None,399
400,U87,Pol2-4H8,None,-1,Other,U87|Pol2-4H8|None,400
401,A549,BHLHE40,None,-1,Other,A549|BHLHE40|None,401
402,A549,CEBPB,None,-1,Other,A549|CEBPB|None,402
403,A549,Max,None,-1,Other,A549|Max|None,403
404,A549,Pol2(phosphoS2),None,-1,Other,A549|Pol2(phosphoS2)|None,404
405,A549,Rad21,None,-1,Other,A549|Rad21|None,405
406,GM08714,ZNF274,None,-1,Other,GM08714|ZNF274|None,406
407,GM10847,NFKB,TNFa,-1,Other,GM10847|NFKB|TNFa,407
408,GM10847,Pol2,None,1,Pol2,GM10847|Pol2|None,408
409,GM12878,BHLHE40,None,-1,Other,GM12878|BHLHE40|None,409
410,GM12878,BRCA1,None,-1,Other,GM12878|BRCA1|None,410
411,GM12878,c-Fos,None,-1,Other,GM12878|c-Fos|None,411
412,GM12878,CHD1,None,-1,Other,GM12878|CHD1|None,412
413,GM12878,CHD2,None,-1,Other,GM12878|CHD2|None,413
414,GM12878,COREST,None,-1,Other,GM12878|COREST|None,414
415,GM12878,CTCF,None,2,CTCF,GM12878|CTCF|None,415
416,GM12878,E2F4,None,-1,Other,GM12878|E2F4|None,416
417,GM12878,EBF1,None,-1,Other,GM12878|EBF1|None,417
418,GM12878,ELK1,None,-1,Other,GM12878|ELK1|None,418
419,GM12878,IKZF1,None,-1,Other,GM12878|IKZF1|None,419
420,GM12878,JunD,None,-1,Other,GM12878|JunD|None,420
421,GM12878,Max,None,-1,Other,GM12878|Max|None,421
422,GM12878,MAZ,None,-1,Other,GM12878|MAZ|None,422
423,GM12878,Mxi1,None,-1,Other,GM12878|Mxi1|None,423
424,GM12878,NF-E2,None,-1,Other,GM12878|NF-E2|None,424
425,GM12878,NFKB,TNFa,-1,Other,GM12878|NFKB|TNFa,425
426,GM12878,NF-YA,None,-1,Other,GM12878|NF-YA|None,426
427,GM12878,NF-YB,None,-1,Other,GM12878|NF-YB|None,427
428,GM12878,Nrf1,None,-1,Other,GM12878|Nrf1|None,428
429,GM12878,p300,None,-1,Other,GM12878|p300|None,429
430,GM12878,p300,None,-1,Other,GM12878|p300|None,430
431,GM12878,Pol2,None,1,Pol2,GM12878|Pol2|None,431
432,GM12878,Pol2(phosphoS2),None,-1,Other,GM12878|Pol2(phosphoS2)|None,432
433,GM12878,Pol2,None,1,Pol2,GM12878|Pol2|None,433
434,GM12878,Pol3,None,-1,Other,GM12878|Pol3|None,434
435,GM12878,Rad21,None,-1,Other,GM12878|Rad21|None,435
436,GM12878,RFX5,None,-1,Other,GM12878|RFX5|None,436
437,GM12878,SIN3A,None,-1,Other,GM12878|SIN3A|None,437
438,GM12878,SMC3,None,-1,Other,GM12878|SMC3|None,438
439,GM12878,STAT1,None,-1,Other,GM12878|STAT1|None,439
440,GM12878,STAT3,None,-1,Other,GM12878|STAT3|None,440
441,GM12878,TBLR1,None,-1,Other,GM12878|TBLR1|None,441
442,GM12878,TBP,None,-1,Other,GM12878|TBP|None,442
443,GM12878,TR4,None,-1,Other,GM12878|TR4|None,443
444,GM12878,USF2,None,-1,Other,GM12878|USF2|None,444
445,GM12878,WHIP,None,-1,Other,GM12878|WHIP|None,445
446,GM12878,YY1,None,-1,Other,GM12878|YY1|None,446
447,GM12878,Znf143,None,-1,Other,GM12878|Znf143|None,447
448,GM12878,ZNF274,None,-1,Other,GM12878|ZNF274|None,448
449,GM12878,ZZZ3,None,-1,Other,GM12878|ZZZ3|None,449
450,GM12891,NFKB,TNFa,-1,Other,GM12891|NFKB|TNFa,450
451,GM12891,Pol2,None,1,Pol2,GM12891|Pol2|None,451
452,GM12892,NFKB,TNFa,-1,Other,GM12892|NFKB|TNFa,452
453,GM12892,Pol2,None,1,Pol2,GM12892|Pol2|None,453
454,GM15510,NFKB,TNFa,-1,Other,GM15510|NFKB|TNFa,454
455,GM15510,Pol2,None,1,Pol2,GM15510|Pol2|None,455
456,GM18505,NFKB,TNFa,-1,Other,GM18505|NFKB|TNFa,456
457,GM18505,Pol2,None,1,Pol2,GM18505|Pol2|None,457
458,GM18526,NFKB,TNFa,-1,Other,GM18526|NFKB|TNFa,458
459,GM18526,Pol2,None,1,Pol2,GM18526|Pol2|None,459
460,GM18951,NFKB,TNFa,-1,Other,GM18951|NFKB|TNFa,460
461,GM18951,Pol2,None,1,Pol2,GM18951|Pol2|None,461
462,GM19099,NFKB,TNFa,-1,Other,GM19099|NFKB|TNFa,462
463,GM19099,Pol2,None,1,Pol2,GM19099|Pol2|None,463
464,GM19193,NFKB,TNFa,-1,Other,GM19193|NFKB|TNFa,464
465,GM19193,Pol2,None,1,Pol2,GM19193|Pol2|None,465
466,H1-hESC,Bach1,None,-1,Other,H1-hESC|Bach1|None,466
467,H1-hESC,BRCA1,None,-1,Other,H1-hESC|BRCA1|None,467
468,H1-hESC,CEBPB,None,-1,Other,H1-hESC|CEBPB|None,468
469,H1-hESC,CHD1,None,-1,Other,H1-hESC|CHD1|None,469
470,H1-hESC,CHD2,None,-1,Other,H1-hESC|CHD2|None,470
471,H1-hESC,c-Jun,None,-1,Other,H1-hESC|c-Jun|None,471
472,H1-hESC,c-Myc,None,0,c-Myc,H1-hESC|c-Myc|None,472
473,H1-hESC,CtBP2,None,-1,Other,H1-hESC|CtBP2|None,473
474,H1-hESC,GTF2F1,None,-1,Other,H1-hESC|GTF2F1|None,474
475,H1-hESC,JunD,None,-1,Other,H1-hESC|JunD|None,475
476,H1-hESC,MafK,None,-1,Other,H1-hESC|MafK|None,476
477,H1-hESC,Max,None,-1,Other,H1-hESC|Max|None,477
478,H1-hESC,Mxi1,None,-1,Other,H1-hESC|Mxi1|None,478
479,H1-hESC,Nrf1,None,-1,Other,H1-hESC|Nrf1|None,479
480,H1-hESC,Rad21,None,-1,Other,H1-hESC|Rad21|None,480
481,H1-hESC,RFX5,None,-1,Other,H1-hESC|RFX5|None,481
482,H1-hESC,SIN3A,None,-1,Other,H1-hESC|SIN3A|None,482
483,H1-hESC,SUZ12,None,-1,Other,H1-hESC|SUZ12|None,483
484,H1-hESC,TBP,None,-1,Other,H1-hESC|TBP|None,484
485,H1-hESC,USF2,None,-1,Other,H1-hESC|USF2|None,485
486,H1-hESC,Znf143,None,-1,Other,H1-hESC|Znf143|None,486
487,HCT-116,Pol2,None,1,Pol2,HCT-116|Pol2|None,487
488,HCT-116,TCF7L2,None,-1,Other,HCT-116|TCF7L2|None,488
489,HEK293,ELK4,None,-1,Other,HEK293|ELK4|None,489
490,HEK293,KAP1,None,-1,Other,HEK293|KAP1|None,490
491,HEK293,Pol2,None,1,Pol2,HEK293|Pol2|None,491
492,HEK293,TCF7L2,None,-1,Other,HEK293|TCF7L2|None,492
493,HEK293-T-REx,ZNF263,None,-1,Other,HEK293-T-REx|ZNF263|None,493
494,HeLa-S3,AP-2alpha,None,-1,Other,HeLa-S3|AP-2alpha|None,494
495,HeLa-S3,AP-2gamma,None,-1,Other,HeLa-S3|AP-2gamma|None,495
496,HeLa-S3,BAF155,None,-1,Other,HeLa-S3|BAF155|None,496
497,HeLa-S3,BAF170,None,-1,Other,HeLa-S3|BAF170|None,497
498,HeLa-S3,BDP1,None,-1,Other,HeLa-S3|BDP1|None,498
499,HeLa-S3,BRCA1,None,-1,Other,HeLa-S3|BRCA1|None,499
500,HeLa-S3,BRF1,None,-1,Other,HeLa-S3|BRF1|None,500
501,HeLa-S3,BRF2,None,-1,Other,HeLa-S3|BRF2|None,501
502,HeLa-S3,Brg1,None,-1,Other,HeLa-S3|Brg1|None,502
503,HeLa-S3,CEBPB,None,-1,Other,HeLa-S3|CEBPB|None,503
504,HeLa-S3,c-Fos,None,-1,Other,HeLa-S3|c-Fos|None,504
505,HeLa-S3,CHD2,None,-1,Other,HeLa-S3|CHD2|None,505
506,HeLa-S3,c-Jun,None,-1,Other,HeLa-S3|c-Jun|None,506
507,HeLa-S3,c-Myc,None,0,c-Myc,HeLa-S3|c-Myc|None,507
508,HeLa-S3,COREST,None,-1,Other,HeLa-S3|COREST|None,508
509,HeLa-S3,E2F1,None,-1,Other,HeLa-S3|E2F1|None,509
510,HeLa-S3,E2F4,None,-1,Other,HeLa-S3|E2F4|None,510
511,HeLa-S3,E2F6,None,-1,Other,HeLa-S3|E2F6|None,511
512,HeLa-S3,ELK1,None,-1,Other,HeLa-S3|ELK1|None,512
513,HeLa-S3,ELK4,None,-1,Other,HeLa-S3|ELK4|None,513
514,HeLa-S3,GTF2F1,None,-1,Other,HeLa-S3|GTF2F1|None,514
515,HeLa-S3,HA-E2F1,None,-1,Other,HeLa-S3|HA-E2F1|None,515
516,HeLa-S3,Ini1,None,-1,Other,HeLa-S3|Ini1|None,516
517,HeLa-S3,IRF3,None,-1,Other,HeLa-S3|IRF3|None,517
518,HeLa-S3,JunD,None,-1,Other,HeLa-S3|JunD|None,518
519,HeLa-S3,MafK,None,-1,Other,HeLa-S3|MafK|None,519
520,HeLa-S3,Max,None,-1,Other,HeLa-S3|Max|None,520
521,HeLa-S3,MAZ,None,-1,Other,HeLa-S3|MAZ|None,521
522,HeLa-S3,Mxi1,None,-1,Other,HeLa-S3|Mxi1|None,522
523,HeLa-S3,NF-YA,None,-1,Other,HeLa-S3|NF-YA|None,523
524,HeLa-S3,NF-YB,None,-1,Other,HeLa-S3|NF-YB|None,524
525,HeLa-S3,Nrf1,None,-1,Other,HeLa-S3|Nrf1|None,525
526,HeLa-S3,p300,None,-1,Other,HeLa-S3|p300|None,526
527,HeLa-S3,Pol2(phosphoS2),None,-1,Other,HeLa-S3|Pol2(phosphoS2)|None,527
528,HeLa-S3,Pol2,None,1,Pol2,HeLa-S3|Pol2|None,528
529,HeLa-S3,PRDM1,None,-1,Other,HeLa-S3|PRDM1|None,529
530,HeLa-S3,Rad21,None,-1,Other,HeLa-S3|Rad21|None,530
531,HeLa-S3,RFX5,None,-1,Other,HeLa-S3|RFX5|None,531
532,HeLa-S3,RPC155,None,-1,Other,HeLa-S3|RPC155|None,532
533,HeLa-S3,SMC3,None,-1,Other,HeLa-S3|SMC3|None,533
534,HeLa-S3,SPT20,None,-1,Other,HeLa-S3|SPT20|None,534
535,HeLa-S3,STAT1,IFNg30,-1,Other,HeLa-S3|STAT1|IFNg30,535
536,HeLa-S3,STAT3,None,-1,Other,HeLa-S3|STAT3|None,536
537,HeLa-S3,TBP,None,-1,Other,HeLa-S3|TBP|None,537
538,HeLa-S3,TCF7L2,None,-1,Other,HeLa-S3|TCF7L2|None,538
539,HeLa-S3,TCF7L2,None,-1,Other,HeLa-S3|TCF7L2|None,539
540,HeLa-S3,TFIIIC-110,None,-1,Other,HeLa-S3|TFIIIC-110|None,540
541,HeLa-S3,TR4,None,-1,Other,HeLa-S3|TR4|None,541
542,HeLa-S3,USF2,None,-1,Other,HeLa-S3|USF2|None,542
543,HeLa-S3,ZKSCAN1,None,-1,Other,HeLa-S3|ZKSCAN1|None,543
544,HeLa-S3,Znf143,None,-1,Other,HeLa-S3|Znf143|None,544
545,HeLa-S3,ZNF274,None,-1,Other,HeLa-S3|ZNF274|None,545
546,HeLa-S3,ZZZ3,None,-1,Other,HeLa-S3|ZZZ3|None,546
547,HepG2,ARID3A,None,-1,Other,HepG2|ARID3A|None,547
548,HepG2,BHLHE40,None,-1,Other,HepG2|BHLHE40|None,548
549,HepG2,BRCA1,None,-1,Other,HepG2|BRCA1|None,549
550,HepG2,CEBPB,forskolin,-1,Other,HepG2|CEBPB|forskolin,550
551,HepG2,CEBPB,None,-1,Other,HepG2|CEBPB|None,551
552,HepG2,CHD2,None,-1,Other,HepG2|CHD2|None,552
553,HepG2,c-Jun,None,-1,Other,HepG2|c-Jun|None,553
554,HepG2,COREST,None,-1,Other,HepG2|COREST|None,554
555,HepG2,ERRA,forskolin,-1,Other,HepG2|ERRA|forskolin,555
556,HepG2,GRp20,forskolin,-1,Other,HepG2|GRp20|forskolin,556
557,HepG2,HNF4A,forskolin,-1,Other,HepG2|HNF4A|forskolin,557
558,HepG2,HSF1,forskolin,-1,Other,HepG2|HSF1|forskolin,558
559,HepG2,IRF3,None,-1,Other,HepG2|IRF3|None,559
560,HepG2,JunD,None,-1,Other,HepG2|JunD|None,560
561,HepG2,MafF,None,-1,Other,HepG2|MafF|None,561
562,HepG2,MafK,None,-1,Other,HepG2|MafK|None,562
563,HepG2,MafK,None,-1,Other,HepG2|MafK|None,563
564,HepG2,Max,None,-1,Other,HepG2|Max|None,564
565,HepG2,MAZ,None,-1,Other,HepG2|MAZ|None,565
566,HepG2,Mxi1,None,-1,Other,HepG2|Mxi1|None,566
567,HepG2,Nrf1,None,-1,Other,HepG2|Nrf1|None,567
568,HepG2,p300,None,-1,Other,HepG2|p300|None,568
569,HepG2,PGC1A,forskolin,-1,Other,HepG2|PGC1A|forskolin,569
570,HepG2,Pol2,forskolin,1,Pol2,HepG2|Pol2|forskolin,570
571,HepG2,Pol2,None,1,Pol2,HepG2|Pol2|None,571
572,HepG2,Pol2(phosphoS2),None,-1,Other,HepG2|Pol2(phosphoS2)|None,572
573,HepG2,Rad21,None,-1,Other,HepG2|Rad21|None,573
574,HepG2,RFX5,None,-1,Other,HepG2|RFX5|None,574
575,HepG2,SMC3,None,-1,Other,HepG2|SMC3|None,575
576,NA,NA,NA,-1,Other,NA|NA|NA,576
577,HepG2,TBP,None,-1,Other,HepG2|TBP|None,577
578,HepG2,TCF7L2,None,-1,Other,HepG2|TCF7L2|None,578
579,HepG2,TR4,None,-1,Other,HepG2|TR4|None,579
580,HepG2,USF2,None,-1,Other,HepG2|USF2|None,580
581,HepG2,ZNF274,None,-1,Other,HepG2|ZNF274|None,581
582,HUVEC,c-Fos,None,-1,Other,HUVEC|c-Fos|None,582
583,HUVEC,c-Jun,None,-1,Other,HUVEC|c-Jun|None,583
584,HUVEC,GATA-2,None,-1,Other,HUVEC|GATA-2|None,584
585,HUVEC,Max,None,-1,Other,HUVEC|Max|None,585
586,HUVEC,Pol2,None,1,Pol2,HUVEC|Pol2|None,586
587,IMR90,CEBPB,None,-1,Other,IMR90|CEBPB|None,587
588,IMR90,CTCF,None,2,CTCF,IMR90|CTCF|None,588
589,IMR90,MafK,None,-1,Other,IMR90|MafK|None,589
590,IMR90,Pol2,None,1,Pol2,IMR90|Pol2|None,590
591,IMR90,Rad21,None,-1,Other,IMR90|Rad21|None,591
592,K562,ARID3A,None,-1,Other,K562|ARID3A|None,592
593,K562,ATF1,None,-1,Other,K562|ATF1|None,593
594,K562,ATF3,None,-1,Other,K562|ATF3|None,594
595,K562,Bach1,None,-1,Other,K562|Bach1|None,595
596,K562,BDP1,None,-1,Other,K562|BDP1|None,596
597,K562,BHLHE40,None,-1,Other,K562|BHLHE40|None,597
598,K562,BRF1,None,-1,Other,K562|BRF1|None,598
599,K562,BRF2,None,-1,Other,K562|BRF2|None,599
600,K562,Brg1,None,-1,Other,K562|Brg1|None,600
601,K562,CCNT2,None,-1,Other,K562|CCNT2|None,601
602,K562,CEBPB,None,-1,Other,K562|CEBPB|None,602
603,K562,c-Fos,None,-1,Other,K562|c-Fos|None,603
604,K562,CHD2,None,-1,Other,K562|CHD2|None,604
605,K562,c-Jun,IFNa30,-1,Other,K562|c-Jun|IFNa30,605
606,K562,c-Jun,IFNa6h,-1,Other,K562|c-Jun|IFNa6h,606
607,K562,c-Jun,IFNg30,-1,Other,K562|c-Jun|IFNg30,607
608,K562,c-Jun,IFNg6h,-1,Other,K562|c-Jun|IFNg6h,608
609,K562,c-Jun,None,-1,Other,K562|c-Jun|None,609
610,K562,c-Myc,IFNa30,0,c-Myc,K562|c-Myc|IFNa30,610
611,K562,c-Myc,IFNa6h,0,c-Myc,K562|c-Myc|IFNa6h,611
612,K562,c-Myc,IFNg30,0,c-Myc,K562|c-Myc|IFNg30,612
613,K562,c-Myc,IFNg6h,0,c-Myc,K562|c-Myc|IFNg6h,613
614,K562,c-Myc,None,0,c-Myc,K562|c-Myc|None,614
615,K562,c-Myc,None,0,c-Myc,K562|c-Myc|None,615
616,K562,COREST,None,-1,Other,K562|COREST|None,616
617,K562,COREST,None,-1,Other,K562|COREST|None,617
618,K562,CTCF,None,2,CTCF,K562|CTCF|None,618
619,K562,E2F4,None,-1,Other,K562|E2F4|None,619
620,K562,E2F6,None,-1,Other,K562|E2F6|None,620
621,K562,ELK1,None,-1,Other,K562|ELK1|None,621
622,K562,GATA-1,None,-1,Other,K562|GATA-1|None,622
623,K562,GATA-2,None,-1,Other,K562|GATA-2|None,623
624,K562,GTF2B,None,-1,Other,K562|GTF2B|None,624
625,K562,GTF2F1,None,-1,Other,K562|GTF2F1|None,625
626,K562,HMGN3,None,-1,Other,K562|HMGN3|None,626
627,K562,Ini1,None,-1,Other,K562|Ini1|None,627
628,K562,IRF1,IFNa30,-1,Other,K562|IRF1|IFNa30,628
629,K562,IRF1,IFNa6h,-1,Other,K562|IRF1|IFNa6h,629
630,K562,IRF1,IFNg30,-1,Other,K562|IRF1|IFNg30,630
631,K562,IRF1,IFNg6h,-1,Other,K562|IRF1|IFNg6h,631
632,K562,JunD,None,-1,Other,K562|JunD|None,632
633,K562,KAP1,None,-1,Other,K562|KAP1|None,633
634,K562,MafF,None,-1,Other,K562|MafF|None,634
635,K562,MafK,None,-1,Other,K562|MafK|None,635
636,K562,Max,None,-1,Other,K562|Max|None,636
637,K562,MAZ,None,-1,Other,K562|MAZ|None,637
638,K562,Mxi1,None,-1,Other,K562|Mxi1|None,638
639,K562,NELFe,None,-1,Other,K562|NELFe|None,639
640,K562,NF-E2,None,-1,Other,K562|NF-E2|None,640
641,K562,NF-YA,None,-1,Other,K562|NF-YA|None,641
642,K562,NF-YB,None,-1,Other,K562|NF-YB|None,642
643,K562,Nrf1,None,-1,Other,K562|Nrf1|None,643
644,K562,p300,None,-1,Other,K562|p300|None,644
645,K562,Pol2,IFNa30,1,Pol2,K562|Pol2|IFNa30,645
646,K562,Pol2,IFNa6h,1,Pol2,K562|Pol2|IFNa6h,646
647,K562,Pol2,IFNg30,1,Pol2,K562|Pol2|IFNg30,647
648,K562,Pol2,IFNg6h,1,Pol2,K562|Pol2|IFNg6h,648
649,K562,Pol2,None,1,Pol2,K562|Pol2|None,649
650,K562,Pol2(phosphoS2),None,-1,Other,K562|Pol2(phosphoS2)|None,650
651,K562,Pol2(phosphoS2),None,-1,Other,K562|Pol2(phosphoS2)|None,651
652,K562,Pol2,None,1,Pol2,K562|Pol2|None,652
653,K562,Pol3,None,-1,Other,K562|Pol3|None,653
654,K562,Rad21,None,-1,Other,K562|Rad21|None,654
655,K562,RFX5,None,-1,Other,K562|RFX5|None,655
656,K562,RPC155,None,-1,Other,K562|RPC155|None,656
657,K562,SETDB1,MNaseD,-1,Other,K562|SETDB1|MNaseD,657
658,K562,SETDB1,None,-1,Other,K562|SETDB1|None,658
659,K562,SIRT6,None,-1,Other,K562|SIRT6|None,659
660,K562,SMC3,None,-1,Other,K562|SMC3|None,660
661,K562,STAT1,IFNa30,-1,Other,K562|STAT1|IFNa30,661
662,K562,STAT1,IFNa6h,-1,Other,K562|STAT1|IFNa6h,662
663,K562,STAT1,IFNg30,-1,Other,K562|STAT1|IFNg30,663
664,K562,STAT1,IFNg6h,-1,Other,K562|STAT1|IFNg6h,664
665,K562,STAT2,IFNa30,-1,Other,K562|STAT2|IFNa30,665
666,K562,STAT2,IFNa6h,-1,Other,K562|STAT2|IFNa6h,666
667,K562,TAL1,None,-1,Other,K562|TAL1|None,667
668,K562,TBLR1,None,-1,Other,K562|TBLR1|None,668
669,K562,TBLR1,None,-1,Other,K562|TBLR1|None,669
670,K562,TBP,None,-1,Other,K562|TBP|None,670
671,K562,TFIIIC-110,None,-1,Other,K562|TFIIIC-110|None,671
672,K562,TR4,None,-1,Other,K562|TR4|None,672
673,K562,UBF,None,-1,Other,K562|UBF|None,673
674,K562,UBTF,None,-1,Other,K562|UBTF|None,674
675,K562,USF2,None,-1,Other,K562|USF2|None,675
676,K562,YY1,None,-1,Other,K562|YY1|None,676
677,K562,Znf143,None,-1,Other,K562|Znf143|None,677
678,K562,ZNF263,None,-1,Other,K562|ZNF263|None,678
679,K562,ZNF274,None,-1,Other,K562|ZNF274|None,679
680,K562,ZNF274,None,-1,Other,K562|ZNF274|None,680
681,MCF10A-Er-Src,c-Fos,EtOH_0.01pct,-1,Other,MCF10A-Er-Src|c-Fos|EtOH_0.01pct,681
682,MCF10A-Er-Src,c-Fos,4OHTAM_1uM_12hr,-1,Other,MCF10A-Er-Src|c-Fos|4OHTAM_1uM_12hr,682
683,MCF10A-Er-Src,c-Fos,4OHTAM_1uM_4hr,-1,Other,MCF10A-Er-Src|c-Fos|4OHTAM_1uM_4hr,683
684,MCF10A-Er-Src,c-Fos,4OHTAM_1uM_36hr,-1,Other,MCF10A-Er-Src|c-Fos|4OHTAM_1uM_36hr,684
685,MCF10A-Er-Src,c-Myc,EtOH_0.01pct,0,c-Myc,MCF10A-Er-Src|c-Myc|EtOH_0.01pct,685
686,MCF10A-Er-Src,c-Myc,4OHTAM_1uM_4hr,0,c-Myc,MCF10A-Er-Src|c-Myc|4OHTAM_1uM_4hr,686
687,MCF10A-Er-Src,E2F4,4OHTAM_1uM_36hr,-1,Other,MCF10A-Er-Src|E2F4|4OHTAM_1uM_36hr,687
688,MCF10A-Er-Src,Pol2,EtOH_0.01pct,1,Pol2,MCF10A-Er-Src|Pol2|EtOH_0.01pct,688
689,MCF10A-Er-Src,Pol2,4OHTAM_1uM_36hr,1,Pol2,MCF10A-Er-Src|Pol2|4OHTAM_1uM_36hr,689
690,MCF10A-Er-Src,STAT3,EtOH_0.01pct_4hr,-1,Other,MCF10A-Er-Src|STAT3|EtOH_0.01pct_4hr,690
691,MCF10A-Er-Src,STAT3,EtOH_0.01pct_12hr,-1,Other,MCF10A-Er-Src|STAT3|EtOH_0.01pct_12hr,691
692,MCF10A-Er-Src,STAT3,EtOH_0.01pct,-1,Other,MCF10A-Er-Src|STAT3|EtOH_0.01pct,692
693,MCF10A-Er-Src,STAT3,4OHTAM_1uM_12hr,-1,Other,MCF10A-Er-Src|STAT3|4OHTAM_1uM_12hr,693
694,MCF10A-Er-Src,STAT3,4OHTAM_1uM_36hr,-1,Other,MCF10A-Er-Src|STAT3|4OHTAM_1uM_36hr,694
695,MCF-7,GATA3,None,-1,Other,MCF-7|GATA3|None,695
696,MCF-7,GATA3,None,-1,Other,MCF-7|GATA3|None,696
697,MCF-7,HA-E2F1,None,-1,Other,MCF-7|HA-E2F1|None,697
698,MCF-7,TCF7L2,None,-1,Other,MCF-7|TCF7L2|None,698
699,MCF-7,ZNF217,None,-1,Other,MCF-7|ZNF217|None,699
700,NB4,c-Myc,None,0,c-Myc,NB4|c-Myc|None,700
701,NB4,Max,None,-1,Other,NB4|Max|None,701
702,NB4,Pol2,None,1,Pol2,NB4|Pol2|None,702
703,NT2-D1,SUZ12,None,-1,Other,NT2-D1|SUZ12|None,703
704,NT2-D1,YY1,None,-1,Other,NT2-D1|YY1|None,704
705,NT2-D1,ZNF274,None,-1,Other,NT2-D1|ZNF274|None,705
706,PANC-1,TCF7L2,None,-1,Other,PANC-1|TCF7L2|None,706
707,PBDEFetal,GATA-1,None,-1,Other,PBDEFetal|GATA-1|None,707
708,PBDE,GATA-1,None,-1,Other,PBDE|GATA-1|None,708
709,PBDE,Pol2,None,1,Pol2,PBDE|Pol2|None,709
710,Raji,Pol2,None,1,Pol2,Raji|Pol2|None,710
711,SH-SY5Y,GATA-2,None,-1,Other,SH-SY5Y|GATA-2|None,711
712,SH-SY5Y,GATA3,None,-1,Other,SH-SY5Y|GATA3|None,712
713,U2OS,KAP1,None,-1,Other,U2OS|KAP1|None,713
714,U2OS,SETDB1,None,-1,Other,U2OS|SETDB1|None,714
715,K562,eGFP-FOS,None,-1,Other,K562|eGFP-FOS|None,715
716,K562,eGFP-GATA2,None,-1,Other,K562|eGFP-GATA2|None,716
717,K562,eGFP-HDAC8,None,-1,Other,K562|eGFP-HDAC8|None,717
718,K562,eGFP-JunB,None,-1,Other,K562|eGFP-JunB|None,718
719,K562,eGFP-JunD,None,-1,Other,K562|eGFP-JunD|None,719
720,A549,CTCF,None,2,CTCF,A549|CTCF|None,720
721,A549,Pol2,None,1,Pol2,A549|Pol2|None,721
722,Fibrobl,CTCF,None,2,CTCF,Fibrobl|CTCF|None,722
723,Gliobla,CTCF,None,2,CTCF,Gliobla|CTCF|None,723
724,Gliobla,Pol2,None,1,Pol2,Gliobla|Pol2|None,724
725,GM12878,c-Myc,None,0,c-Myc,GM12878|c-Myc|None,725
726,GM12878,CTCF,None,2,CTCF,GM12878|CTCF|None,726
727,GM12878,Pol2,None,1,Pol2,GM12878|Pol2|None,727
728,GM12891,CTCF,None,2,CTCF,GM12891|CTCF|None,728
729,GM12892,CTCF,None,2,CTCF,GM12892|CTCF|None,729
730,GM19238,CTCF,None,2,CTCF,GM19238|CTCF|None,730
731,GM19239,CTCF,None,2,CTCF,GM19239|CTCF|None,731
732,GM19240,CTCF,None,2,CTCF,GM19240|CTCF|None,732
733,H1-hESC,c-Myc,None,0,c-Myc,H1-hESC|c-Myc|None,733
734,H1-hESC,CTCF,None,2,CTCF,H1-hESC|CTCF|None,734
735,H1-hESC,Pol2,None,1,Pol2,H1-hESC|Pol2|None,735
736,HeLa-S3,c-Myc,None,0,c-Myc,HeLa-S3|c-Myc|None,736
737,HeLa-S3,CTCF,None,2,CTCF,HeLa-S3|CTCF|None,737
738,HeLa-S3,Pol2,None,1,Pol2,HeLa-S3|Pol2|None,738
739,HepG2,c-Myc,None,0,c-Myc,HepG2|c-Myc|None,739
740,HepG2,CTCF,None,2,CTCF,HepG2|CTCF|None,740
741,HepG2,Pol2,None,1,Pol2,HepG2|Pol2|None,741
742,HUVEC,c-Myc,None,0,c-Myc,HUVEC|c-Myc|None,742
743,HUVEC,CTCF,None,2,CTCF,HUVEC|CTCF|None,743
744,HUVEC,Pol2,None,1,Pol2,HUVEC|Pol2|None,744
745,K562,c-Myc,None,0,c-Myc,K562|c-Myc|None,745
746,K562,CTCF,None,2,CTCF,K562|CTCF|None,746
747,K562,Pol2,None,1,Pol2,K562|Pol2|None,747
748,MCF-7,c-Myc,estrogen,0,c-Myc,MCF-7|c-Myc|estrogen,748
749,MCF-7,c-Myc,serum_stimulated_media,0,c-Myc,MCF-7|c-Myc|serum_stimulated_media,749
750,MCF-7,c-Myc,serum_starved_media,0,c-Myc,MCF-7|c-Myc|serum_starved_media,750
751,MCF-7,c-Myc,vehicle,0,c-Myc,MCF-7|c-Myc|vehicle,751
752,MCF-7,CTCF,estrogen,2,CTCF,MCF-7|CTCF|estrogen,752
753,MCF-7,CTCF,serum_stimulated_media,2,CTCF,MCF-7|CTCF|serum_stimulated_media,753
754,MCF-7,CTCF,serum_starved_media,2,CTCF,MCF-7|CTCF|serum_starved_media,754
755,MCF-7,CTCF,None,2,CTCF,MCF-7|CTCF|None,755
756,MCF-7,CTCF,vehicle,2,CTCF,MCF-7|CTCF|vehicle,756
757,MCF-7,Pol2,serum_stimulated_media,1,Pol2,MCF-7|Pol2|serum_stimulated_media,757
758,MCF-7,Pol2,serum_starved_media,1,Pol2,MCF-7|Pol2|serum_starved_media,758
759,MCF-7,Pol2,None,1,Pol2,MCF-7|Pol2|None,759
760,NHEK,CTCF,None,2,CTCF,NHEK|CTCF|None,760
761,ProgFib,CTCF,None,2,CTCF,ProgFib|CTCF|None,761
762,ProgFib,Pol2,None,1,Pol2,ProgFib|Pol2|None,762
763,A549,CTCF,None,2,CTCF,A549|CTCF|None,763
764,AG04449,CTCF,None,2,CTCF,AG04449|CTCF|None,764
765,AG04450,CTCF,None,2,CTCF,AG04450|CTCF|None,765
766,AG09309,CTCF,None,2,CTCF,AG09309|CTCF|None,766
767,AG09319,CTCF,None,2,CTCF,AG09319|CTCF|None,767
768,AG10803,CTCF,None,2,CTCF,AG10803|CTCF|None,768
769,AoAF,CTCF,None,2,CTCF,AoAF|CTCF|None,769
770,BE2_C,CTCF,None,2,CTCF,BE2_C|CTCF|None,770
771,BJ,CTCF,None,2,CTCF,BJ|CTCF|None,771
772,Caco-2,CTCF,None,2,CTCF,Caco-2|CTCF|None,772
773,GM06990,CTCF,None,2,CTCF,GM06990|CTCF|None,773
774,GM12801,CTCF,None,2,CTCF,GM12801|CTCF|None,774
775,GM12864,CTCF,None,2,CTCF,GM12864|CTCF|None,775
776,GM12865,CTCF,None,2,CTCF,GM12865|CTCF|None,776
777,GM12872,CTCF,None,2,CTCF,GM12872|CTCF|None,777
778,GM12873,CTCF,None,2,CTCF,GM12873|CTCF|None,778
779,GM12874,CTCF,None,2,CTCF,GM12874|CTCF|None,779
780,GM12875,CTCF,None,2,CTCF,GM12875|CTCF|None,780
781,GM12878,CTCF,None,2,CTCF,GM12878|CTCF|None,781
782,HAc,CTCF,None,2,CTCF,HAc|CTCF|None,782
783,HA-sp,CTCF,None,2,CTCF,HA-sp|CTCF|None,783
784,HBMEC,CTCF,None,2,CTCF,HBMEC|CTCF|None,784
785,HCFaa,CTCF,None,2,CTCF,HCFaa|CTCF|None,785
786,HCM,CTCF,None,2,CTCF,HCM|CTCF|None,786
787,HCPEpiC,CTCF,None,2,CTCF,HCPEpiC|CTCF|None,787
788,HCT-116,CTCF,None,2,CTCF,HCT-116|CTCF|None,788
789,HEEpiC,CTCF,None,2,CTCF,HEEpiC|CTCF|None,789
790,HEK293,CTCF,None,2,CTCF,HEK293|CTCF|None,790
791,HeLa-S3,CTCF,None,2,CTCF,HeLa-S3|CTCF|None,791
792,HepG2,CTCF,None,2,CTCF,HepG2|CTCF|None,792
793,HFF,CTCF,None,2,CTCF,HFF|CTCF|None,793
794,HFF-Myc,CTCF,None,2,CTCF,HFF-Myc|CTCF|None,794
795,HL-60,CTCF,None,2,CTCF,HL-60|CTCF|None,795
796,HMEC,CTCF,None,2,CTCF,HMEC|CTCF|None,796
797,HMF,CTCF,None,2,CTCF,HMF|CTCF|None,797
798,HPAF,CTCF,None,2,CTCF,HPAF|CTCF|None,798
799,HPF,CTCF,None,2,CTCF,HPF|CTCF|None,799
800,HRE,CTCF,None,2,CTCF,HRE|CTCF|None,800
801,HRPEpiC,CTCF,None,2,CTCF,HRPEpiC|CTCF|None,801
802,HUVEC,CTCF,None,2,CTCF,HUVEC|CTCF|None,802
803,HVMF,CTCF,None,2,CTCF,HVMF|CTCF|None,803
804,K562,CTCF,None,2,CTCF,K562|CTCF|None,804
805,MCF-7,CTCF,None,2,CTCF,MCF-7|CTCF|None,805
806,NB4,CTCF,None,2,CTCF,NB4|CTCF|None,806
807,NHDF-neo,CTCF,None,2,CTCF,NHDF-neo|CTCF|None,807
808,NHEK,CTCF,None,2,CTCF,NHEK|CTCF|None,808
809,NHLF,CTCF,None,2,CTCF,NHLF|CTCF|None,809
810,RPTEC,CTCF,None,2,CTCF,RPTEC|CTCF|None,810
811,SAEC,CTCF,None,2,CTCF,SAEC|CTCF|None,811
812,SK-N-SH_RA,CTCF,None,2,CTCF,SK-N-SH_RA|CTCF|None,812
813,WERI-Rb-1,CTCF,None,2,CTCF,WERI-Rb-1|CTCF|None,813
814,WI-38,CTCF,None,2,CTCF,WI-38|CTCF|None,814
815,H1-hESC,H2AK5ac,None,-1,Other,H1-hESC|H2AK5ac|None,815
816,H1-hESC,H2AZ,None,-1,Other,H1-hESC|H2AZ|None,816
817,H1-hESC,H2BK120ac,None,-1,Other,H1-hESC|H2BK120ac|None,817
818,H1-hESC,H2BK12ac,None,-1,Other,H1-hESC|H2BK12ac|None,818
819,H1-hESC,H2BK15ac,None,-1,Other,H1-hESC|H2BK15ac|None,819
820,H1-hESC,H2BK20ac,None,-1,Other,H1-hESC|H2BK20ac|None,820
821,H1-hESC,H2BK5ac,None,-1,Other,H1-hESC|H2BK5ac|None,821
822,H1-hESC,H3K14ac,None,-1,Other,H1-hESC|H3K14ac|None,822
823,H1-hESC,H3K18ac,None,-1,Other,H1-hESC|H3K18ac|None,823
824,H1-hESC,H3K23ac,None,-1,Other,H1-hESC|H3K23ac|None,824
825,H1-hESC,H3K23me2,None,-1,Other,H1-hESC|H3K23me2|None,825
826,H1-hESC,H3K27ac,None,6,H3K27ac,H1-hESC|H3K27ac|None,826
827,H1-hESC,H3K27me3,None,7,H3K27me3,H1-hESC|H3K27me3|None,827
828,H1-hESC,H3K36me3,None,-1,Other,H1-hESC|H3K36me3|None,828
829,H1-hESC,H3K4ac,None,-1,Other,H1-hESC|H3K4ac|None,829
830,H1-hESC,H3K4me1,None,5,H3K4me1,H1-hESC|H3K4me1|None,830
831,H1-hESC,H3K4me2,None,-1,Other,H1-hESC|H3K4me2|None,831
832,H1-hESC,H3K4me3,None,-1,Other,H1-hESC|H3K4me3|None,832
833,H1-hESC,H3K56ac,None,-1,Other,H1-hESC|H3K56ac|None,833
834,H1-hESC,H3K79me1,None,-1,Other,H1-hESC|H3K79me1|None,834
835,H1-hESC,H3K79me2,None,-1,Other,H1-hESC|H3K79me2|None,835
836,H1-hESC,H3K9ac,None,-1,Other,H1-hESC|H3K9ac|None,836
837,H1-hESC,H3K9me3,None,-1,Other,H1-hESC|H3K9me3|None,837
838,H1-hESC,H4K20me1,None,-1,Other,H1-hESC|H4K20me1|None,838
839,H1-hESC,H4K5ac,None,-1,Other,H1-hESC|H4K5ac|None,839
840,H1-hESC,H4K8ac,None,-1,Other,H1-hESC|H4K8ac|None,840
841,H1-hESC,H4K91ac,None,-1,Other,H1-hESC|H4K91ac|None,841
842,K562,H2AZ,None,-1,Other,K562|H2AZ|None,842
843,K562,H3K27ac,None,6,H3K27ac,K562|H3K27ac|None,843
844,K562,H3K27me3,None,7,H3K27me3,K562|H3K27me3|None,844
845,K562,H3K36me3,None,-1,Other,K562|H3K36me3|None,845
846,K562,H3K4me1,None,5,H3K4me1,K562|H3K4me1|None,846
847,K562,H3K4me2,None,-1,Other,K562|H3K4me2|None,847
848,K562,H3K4me3,None,-1,Other,K562|H3K4me3|None,848
849,K562,H3K79me2,None,-1,Other,K562|H3K79me2|None,849
850,K562,H3K9ac,None,-1,Other,K562|H3K9ac|None,850
851,K562,H3K9me1,None,-1,Other,K562|H3K9me1|None,851
852,K562,H3K9me3,None,-1,Other,K562|H3K9me3|None,852
853,K562,H4K20me1,None,-1,Other,K562|H4K20me1|None,853
854,Monocytes-CD14+RO01746,H2AZ,None,-1,Other,Monocytes-CD14+RO01746|H2AZ|None,854
855,Monocytes-CD14+RO01746,H3K27ac,None,6,H3K27ac,Monocytes-CD14+RO01746|H3K27ac|None,855
856,Monocytes-CD14+RO01746,H3K27me3,None,7,H3K27me3,Monocytes-CD14+RO01746|H3K27me3|None,856
857,Monocytes-CD14+RO01746,H3K36me3,None,-1,Other,Monocytes-CD14+RO01746|H3K36me3|None,857
858,Monocytes-CD14+RO01746,H3K4me1,None,5,H3K4me1,Monocytes-CD14+RO01746|H3K4me1|None,858
859,Monocytes-CD14+RO01746,H3K4me2,None,-1,Other,Monocytes-CD14+RO01746|H3K4me2|None,859
860,Monocytes-CD14+RO01746,H3K4me3,None,-1,Other,Monocytes-CD14+RO01746|H3K4me3|None,860
861,Monocytes-CD14+RO01746,H3K79me2,None,-1,Other,Monocytes-CD14+RO01746|H3K79me2|None,861
862,Monocytes-CD14+RO01746,H3K9ac,None,-1,Other,Monocytes-CD14+RO01746|H3K9ac|None,862
863,Monocytes-CD14+RO01746,H3K9me3,None,-1,Other,Monocytes-CD14+RO01746|H3K9me3|None,863
864,Monocytes-CD14+RO01746,H4K20me1,None,-1,Other,Monocytes-CD14+RO01746|H4K20me1|None,864
865,NH-A,H2AZ,None,-1,Other,NH-A|H2AZ|None,865
866,NH-A,H3K27ac,None,6,H3K27ac,NH-A|H3K27ac|None,866
867,NH-A,H3K27me3,None,7,H3K27me3,NH-A|H3K27me3|None,867
868,NH-A,H3K36me3,None,-1,Other,NH-A|H3K36me3|None,868
869,NH-A,H3K4me1,None,5,H3K4me1,NH-A|H3K4me1|None,869
870,NH-A,H3K4me2,None,-1,Other,NH-A|H3K4me2|None,870
871,NH-A,H3K4me3,None,-1,Other,NH-A|H3K4me3|None,871
872,NH-A,H3K79me2,None,-1,Other,NH-A|H3K79me2|None,872
873,NH-A,H3K9ac,None,-1,Other,NH-A|H3K9ac|None,873
874,NH-A,H3K9me3,None,-1,Other,NH-A|H3K9me3|None,874
875,NH-A,H4K20me1,None,-1,Other,NH-A|H4K20me1|None,875
876,NHDF-Ad,H2AZ,None,-1,Other,NHDF-Ad|H2AZ|None,876
877,NHDF-Ad,H3K27ac,None,6,H3K27ac,NHDF-Ad|H3K27ac|None,877
878,NHDF-Ad,H3K27me3,None,7,H3K27me3,NHDF-Ad|H3K27me3|None,878
879,NHDF-Ad,H3K36me3,None,-1,Other,NHDF-Ad|H3K36me3|None,879
880,NHDF-Ad,H3K4me1,None,5,H3K4me1,NHDF-Ad|H3K4me1|None,880
881,NHDF-Ad,H3K4me2,None,-1,Other,NHDF-Ad|H3K4me2|None,881
882,NHDF-Ad,H3K4me3,None,-1,Other,NHDF-Ad|H3K4me3|None,882
883,NHDF-Ad,H3K79me2,None,-1,Other,NHDF-Ad|H3K79me2|None,883
884,NHDF-Ad,H3K9ac,None,-1,Other,NHDF-Ad|H3K9ac|None,884
885,NHDF-Ad,H3K9me3,None,-1,Other,NHDF-Ad|H3K9me3|None,885
886,NHDF-Ad,H4K20me1,None,-1,Other,NHDF-Ad|H4K20me1|None,886
887,NHEK,H2AZ,None,-1,Other,NHEK|H2AZ|None,887
888,NHEK,H3K27ac,None,6,H3K27ac,NHEK|H3K27ac|None,888
889,NHEK,H3K27me3,None,7,H3K27me3,NHEK|H3K27me3|None,889
890,NHEK,H3K36me3,None,-1,Other,NHEK|H3K36me3|None,890
891,NHEK,H3K4me1,None,5,H3K4me1,NHEK|H3K4me1|None,891
892,NHEK,H3K4me2,None,-1,Other,NHEK|H3K4me2|None,892
893,NHEK,H3K4me3,None,-1,Other,NHEK|H3K4me3|None,893
894,NHEK,H3K79me2,None,-1,Other,NHEK|H3K79me2|None,894
895,NHEK,H3K9ac,None,-1,Other,NHEK|H3K9ac|None,895
896,NHEK,H3K9me1,None,-1,Other,NHEK|H3K9me1|None,896
897,NHEK,H3K9me3,None,-1,Other,NHEK|H3K9me3|None,897
898,NHEK,H4K20me1,None,-1,Other,NHEK|H4K20me1|None,898
899,NHLF,H2AZ,None,-1,Other,NHLF|H2AZ|None,899
900,NHLF,H3K27ac,None,6,H3K27ac,NHLF|H3K27ac|None,900
901,NHLF,H3K27me3,None,7,H3K27me3,NHLF|H3K27me3|None,901
902,NHLF,H3K36me3,None,-1,Other,NHLF|H3K36me3|None,902
903,NHLF,H3K4me1,None,5,H3K4me1,NHLF|H3K4me1|None,903
904,NHLF,H3K4me2,None,-1,Other,NHLF|H3K4me2|None,904
905,NHLF,H3K4me3,None,-1,Other,NHLF|H3K4me3|None,905
906,NHLF,H3K79me2,None,-1,Other,NHLF|H3K79me2|None,906
907,NHLF,H3K9ac,None,-1,Other,NHLF|H3K9ac|None,907
908,NHLF,H3K9me3,None,-1,Other,NHLF|H3K9me3|None,908
909,NHLF,H4K20me1,None,-1,Other,NHLF|H4K20me1|None,909
910,Osteoblasts,H2AZ,None,-1,Other,Osteoblasts|H2AZ|None,910
911,Osteoblasts,H3K27ac,None,6,H3K27ac,Osteoblasts|H3K27ac|None,911
912,Osteoblasts,H3K27me3,None,7,H3K27me3,Osteoblasts|H3K27me3|None,912
913,Osteoblasts,H3K36me3,None,-1,Other,Osteoblasts|H3K36me3|None,913
914,Osteoblasts,H3K4me1,None,5,H3K4me1,Osteoblasts|H3K4me1|None,914
915,Osteoblasts,H3K4me2,None,-1,Other,Osteoblasts|H3K4me2|None,915
916,Osteoblasts,H3K4me3,None,-1,Other,Osteoblasts|H3K4me3|None,916
917,Osteoblasts,H3K79me2,None,-1,Other,Osteoblasts|H3K79me2|None,917
918,Osteoblasts,H3K9me3,None,-1,Other,Osteoblasts|H3K9me3|None,918

